Date,Description,Name,Reting,rating_count,reviews_count,label
" February 12, 2019",I love the place and the staff is always very nice!,Luciana S.,5,9,3,1
 a day ago,Always a great vibe and good service,Jonathan O.,5,4,1,1
" February 15, 2019",Excellent service. Fun time,Jason R.,5,1,1,1
" July 9, 2018",I had a very good experience. Very nice pool and ping pong tables.,Giuseppe C.,5,29,18,1
" August 13, 2018",Its my third time there and always a good time. Food is pretty good and the pitcher of beer is awesome. Akways fun to play and staff is cool,Chris,4,1,1,1
" September 12, 2018",Amazing experience! I love it,Luciana S.,5,9,3,1
" August 30, 2018",great staff and great food!,Briget G.,5,2,2,1
" July 18, 2018",Awesome place to play pool or just hang out with a few friends. Friendly staff makes it even better.,Paul S.,5,1,1,1
 9 minutes ago,"Nice place to spend time! Unfortunately the kitchen was closed when I got there at 11:45pm and around 1:15am they were telling was they were about to close in 15mints. 
But the place is nice!",John C.,4,1,1,1
" March 4, 2019",The best place to shoot pool and have a great time.,George C.,5,95,35,1
" March 1, 2019",I loved,Pereira G.,5,4,4,1
" February 13, 2019","Just the picher of Stella cost $25 so the coupon is really worth it. The place is very nice and the service was good, but without the coupon is really expensive.",Maria V.,4,2,2,1
" January 21, 2019",This Bar is so cool!! And this Groupon it‚Äôs just perfect dor a Sunday fun day. Chicken Wings are the best and cheese fries. Had so much fun!,Luana S.,5,3,3,1
" January 12, 2019","Fun place, lots of pool tables and other games. Good beer and bar food sensation too!",Vanessa L.,4,6,6,1
" January 10, 2019",Bartender let us choose any draft. Long wait for pool but had a great time,Samantha M.,5,1,1,1
" December 10, 2018",Awesome place to spend some time. I will definitely come back,Jamil J.,5,3,3,1
" December 6, 2018",Great place. I‚Äôve gone back many times since,Kyle B.,5,4,3,1
" November 29, 2018",Love it,Hanan S.,4,41,16,1
" November 8, 2018","I love it! I‚Äôm regular costumer! Best place for food, drinks  and games ))))",Margarita,5,2,2,1
" November 7, 2018",Great people. Hot wings were really spicy I got what I asked for. Pool atmosphere very warm vibes.,Shaqueena T.,5,10,4,1
" October 31, 2018","Great deal. The bbq wings are delicious . We also enjoyed the billiards , darts, and pitcher of beer.  They had a Monday promotion where the table is free until 8pm. We had an absolute blast and would totally go again.",David L.,5,12,9,1
" October 18, 2018",A lot of fun! It‚Äôs a great setup for a bar and the Groupon deal is too good to pass up,Kyle B.,5,4,4,1
" October 8, 2018",I had a great time out with my girl.  Cool vibe and some great Nachos.,Paul C.,5,3,3,1
" September 26, 2018",Best billiard place around,George C.,5,95,35,1
" September 25, 2018","Loveth it! The waitress was darling and very professional with knowledge of the Groupon she guided us quickly to a good beer, appetizer & nice pool time game. I will buy it again!",Andrea R.,5,4,1,1
" September 19, 2018","I love this bar. Nice music, good food and many funny games. Staff is always friendly and helpful.",Kiro U.,5,2,1,1
" September 10, 2018","Fun place, lots of different games to play. The wings were great. Would definitely go back.",Sindy N.,5,10,8,1
" September 6, 2018",Great place. Attentive waitress. No naggy about spending more $$ to get a higher tip.,Brandon S.,5,3,3,1
" September 4, 2018",A very chill place to hang out play a few games with friends grab a great bite of mexican food and finish off with some pool,Martin C.,5,1,1,1
" August 28, 2018",Love this place!!! Excellent fried chicken tenders!!!,Annette P.,5,27,26,1
" August 13, 2018",Waitstaff was kind. Atmosphere was relaxed. It's a no frills place. The food was better than what you expect at a pool hall.,Michael H.,5,42,12,1
" August 8, 2018","It's great, fun time.",Erasmus M.,5,10,6,1
" July 29, 2018","Great deal for the groupon, even though they do free pool on Sundays until 5 regularly!",Courtney O.,5,3,2,1
" June 21, 2018","Great atmosphere & great drinks, would definitely come back",Dana F.,5,7,3,1
" June 14, 2018",Good deal.,D. W.,5,4,1,1
" June 4, 2018","the place is nice and food ok, service is slow",Fernando L.,3,5,1,1
" March 5, 2019",The wings were not on point for some reason. Usually are but not that day,Joseph C.,2,2,1,0
" May 28, 2018",Carolina was the women who was taking care of us. 5 stars for her. She was phenomenal. Thank you so much!,Eric G.,5,21,13,1
" May 25, 2018",Bad music but everything else was great!,Caroline P.,4,13,5,1
" May 23, 2018",Always a great time.,Rafael F.,5,52,35,1
" May 18, 2018",The staff was super friendly. Didn‚Äôt feel like a burden or that they didn‚Äôt care about us because we were using a coupon! 10/10 would recommend. Reasonably priced booze too!,Cliff S.,5,3,3,1
" May 17, 2018",Had an amazing time playing pingpong and billiar. Great atmosphere,Manuel F.,5,5,3,1
" May 11, 2018","Great place, fun, decor, good crowd",George C.,5,95,35,1
" August 9, 2018",bad service waited over an hour for a pool table and wasnt updated or told anything,WILMAR G.,1,22,5,0
" May 3, 2018","Great chill spot. Good food, good service.",Brandon S.,5,3,2,1
" May 1, 2018",Great food.,Encendia M.,5,1,1,1
" April 30, 2018",great service and the burger was great! vibes were great! love this place!,Bexsyra M.,5,2,2,1
" April 16, 2018","place is lively, staff friendly, always having a good time",Diana A.,5,13,8,1
" April 8, 2018",Love this bar! Games everywhere and sports on every tv. Quick service. I will come frequently outside of the groupon. New favorite bar!,Anita P.,5,4,4,1
" June 8, 2017",The waitress and bartender were very nice and the atmosphere on a weekday was so relaxing .,Melissa S.,5,6,3,1
" March 30, 2018",Nice and fun place but the wait to get a pool table was over an hour!,Amrit G.,4,23,12,1
" April 15, 2016","Love this place! Great drinks, good pool",Marc H.,5,1,1,1
" August 15, 2016",The staff was very helpful and attentive. The place had a really cool vibe and the nachos were awesome. It was a great way to spend the day!,Cat M.,5,1,1,1
" March 26, 2018",Had a ball,Nakima W.,5,29,13,1
" December 26, 2016",Great deal for the price...Went on Christmas and the games were free! Plus the food was excellent. And the waitress was very friendly. Very nice location too. Would definitely go back.,Regine T.,5,6,4,1
" April 23, 2016",Life hack: order the nachos with grilled chicken to oil u the pool stick and have a perfect game! amazing nachos,Billy D.,5,2,1,1
" April 21, 2015",Super fun and awesome burgers and beer! Great rotating draft selection - will definitely go back!,Megan S.,5,4,3,1
" May 9, 2017",bartender was so nice!!,Katelyn O.,5,5,3,1
" October 24, 2016",I took my boyfriend out with this Groupon app. We had a great time. My hour was up but they let me play until I finished my game. The beer was really really good. And we played ping pall and some fooseball with some other people who were there. I had a really great time and looking forward to coming there often! Great prices by the way!,Marlenys R.,5,7,2,1
" January 4, 2017","Great place to go and hang out with friends!  Awesome music and atmosphere, I would definitely recommend Break Bar and Billiards to my friends.  I hope to come back soon!!!",Brendon W.,5,2,1,1
" January 16, 2017",Really cool space. Waitress was so nice and genuine. Already told some friends. Will definitely be back,Dai S.,5,2,2,1
" June 6, 2016",Definitely would recommend this and the awesome waitress who took care of my table!!,Eric G.,5,21,13,1
" February 4, 2018","Nice atmosphere and cool place, but when we walked in we didn't know what to do or where we could sit. There were several tables and pool tables reserved for parties but they didn't all have reserved notes on them so we kept having to get up and move. The food was great though and the wait staff was friendly, when I was finally able to get someone to talk to me. No one told me there was a virtual waitlist for a pool table though, even though I asked about playing twice. My bf and I did go on a busy night but by the time they told me there was a list we was 13th in line for a pool table. We waited an hour and decided it was wasn't worth it. After having been there for 2.5 hrs. So, we didn't even get to do 50% of the groupon. 

I think your experience with this place really varies on the night you go and who's working. I can give it to them that the evening was busy, but my experience wasn't great so I would recommend going when there are fewer people. Maybe Monday night? (We went on a Thursday.)",Monique,3,5,1,0
" September 20, 2017","Really good chicken fingers, we were very pleased with the staff and their service! Highly recommended!",Nathalia V.,5,23,2,1
" April 25, 2016",Great spot ! Chicken fingers are pretty good. If you go on a Friday try and go before 7,Devin H.,5,4,1,1
" January 5, 2017","staff is very friendly and attentive and the food is delicious, they have different games and activities to keep you entertained plus they have a nice selection of beers. I will be visiting Break bar again.
thank you Break bar and Groupon for a great night out.",Victor G.,5,8,8,1
" November 7, 2016","It was a great experience with awesome service, delicious food and amazing games! Great place to socialize and have a great time.",Aripul H.,5,10,5,1
" June 2, 2016",Awesome sauce! Tons of fun. Great spot. Tons of games. Good music. Love love love!,Sarah K.,5,19,5,1
" July 27, 2017","Great service, great loaded nachos and ambience.",Ricardo S.,5,9,3,1
" August 31, 2016",Great service and great food. Trivia night on Tuesdays. Lots of options to do for the night,Claire S.,5,5,1,1
" March 19, 2018",For the kid in all of us. Loved it! Great place to take a date...or for a ladies night out...or to hang with the boys.,Linda M.,5,8,7,1
" February 24, 2016","Great service, great price. No complaints",Dmitriy L.,5,42,3,1
" October 21, 2016","The atmosphere was great, along with the service.",Barbara Y.,5,2,1,1
" June 7, 2016","Great atmosphere , fun place!",Karnit K.,5,7,7,1
" July 16, 2015",Great ambiance,Chris B.,5,14,3,1
" October 3, 2017",Love the atmosphere. You can find every game you want there. Food is tasty and they have a wide range of beer too,Jacobo S.,5,1,1,1
" April 3, 2017",Went with my kids and friends. The place was full but we were able to get a table fairly quickly. The food was decent as is bar food. The waitress however was a bit slow and forgot one of my orders. Overall we had a good time and will definitely go back.,Diana M.,4,33,13,1
" November 8, 2016","Such a hidden gem! Love all the game options they have. Their food is great, overall a really fun way to spend the evening.",Sarah K.,5,19,19,1
" October 23, 2016","Food is good, fun time and not super expensive.",Patrick M.,5,2,2,1
" January 16, 2017",Despite our wings coming out cold everything else was marvelous. Plenty of games for small or large crowds. Came on a Sunday for a football game and got an appetizer special (buy 1 get half off) big win!!,Juan,4,3,2,1
" August 31, 2016","Came here before. Its always a good experience. Lots of games, good food, beer, billiards, this place has got it all. I would recommend everyone to come check it out.",Hafzul B.,5,2,1,1
" August 5, 2015",Great time.   Good food.  Nice scene.,Carol D.,5,17,12,1
" December 12, 2017",I had a great time at Break Bar. The waitress was friendly. We had the buffalo wings and they were perfect. The environment is very friendly and it's a place I would definitely return to.,Shaquana T.,5,2,1,1
" July 24, 2017",I love this place! Very relaxed and fun environment with plenty of games to keep you entertained for a while. Prices are also super reasonable. Highly recommended.,Harrison P.,5,4,4,1
" September 22, 2016",Place is clean and fun. The staff is super nice and checks on you frequently,Elior K.,5,2,1,1
" September 1, 2016",Friendly crowd and staff. We had a great time. Will definitely come back again.,Yanira M.,4,4,1,1
" May 20, 2016","About 15 pool tables, 2 ping pong tables, and other arcade games. Really friendly staff and always playing the games on tv.",Meha B.,5,26,8,1
" July 31, 2016",Great food,Nikki C.,5,2,1,1
" June 8, 2017",I've gone here many times and it's a cool spot so when I saw a groupon I wanted to take advantage. However we got the WORST service available. The girl didn't bring our appetizer until we had 10 mins left and then tried to kick us out before we were done. A shame too because we work in the industry and tip regardless but they just assumed we were cheap.,Alyssa Marie D.,3,2,2,0
" July 11, 2016","This place is awesome! AMAZING chicken nachos and there are a lot of pool tables so we didn't have to wait long at all. Our server was really good as well, I'd definitely recommend this groupon to anyone who likes to eat, drink and play pool in a fun environment!",Cassandra J.,5,18,7,1
" November 15, 2015",This is a great deal!!! I loved their nachos with steak! Strongly recommended!,Sercan D.,5,23,9,1
" November 3, 2015","friendly staff, good nachos, plenty of pool tables",Joanna M.,5,3,1,1
" October 20, 2014","Great place food is just ok though
The cheese fries and nachos come with heated cheese slices that harden in 2 minutes so thats not so great but the atmosphere is nice
nice,nice",Michael,5,4,4,1
" June 28, 2017",Fantastic experience. We will definitely be back.,Kevin S.,5,5,5,1
" June 20, 2017",I loved the whole experience at the Break Bar.,Aman D.,5,29,29,1
" January 5, 2017","The service people were nice. I went on a Wednesday so it was not very busy. It was easy to get a pool table. They had a decent selection of beers. The tables and surfaces were a bit unclean. Generally, it was a fun and decent experience.",Miah M.,4,2,2,1
" April 24, 2017",We had great service this evening.,Michael H.,5,42,42,1
" March 16, 2018","We had a great time. The service wasn't that great, but for the deal you can't beat it. I would definitely do it again!",Jeanie J.,5,7,7,1
" November 10, 2016",If you don't go really early it's hard to get a table. But the food is great. We didn't end up staying. But we got our appetizer,Samantha R.,1,2,2,1
" March 12, 2018",I had a great time. This place is super dope. The atmosphere was awesome. This place rocks.,Jamie H.,5,6,6,1
" March 7, 2018",Fun place will go again,Sakeem B.,5,2,1,1
" March 6, 2018","Always a good time at Break Bar. The Groupon was an insane value, highly recommend",Christian M.,5,1,1,1
" March 6, 2018","Very friendly staff EXCEPT for the bar guy when asked for a glass of water! & it was our waitress who gave a glass of water too. The pool tables were plenty, establishment clean lot of room to move around. The appetizers especially the chicken fingers were delicious!!",Annette P.,5,27,26,1
" February 26, 2018",Great place to have some fun.,Radomir,5,3,1,1
" February 15, 2018",Great place! Highly recommended! Early birds get a greater experience. Food was so delicious. Service was great! My boyfriend said the draft beer was really good.,The Lissette Reinoso,5,2,2,1
" January 26, 2018","Staff was friendly, food was amazing, the vibes were good fun place to go and chill any night..",Yanni Y.,5,2,2,1
" December 8, 2017","The barmaid we had was nice, and the place was live for a Tuesday.",Carol B.,5,2,1,1
" October 14, 2017","Pretty dope place to go to even if you can't play pool, they have other games on site you'd enjoy. The service the night I went wasn't as enjoyable. It wasn't even that busy and we probably saw our waitress twice. Gave it a 5 based on the atmosphere.ü§∑üèæ‚Äç‚ôÇÔ∏è",Greg A.,5,1,1,1
" October 14, 2017",Our waitress was wonderful.,Michael H.,4,42,12,1
" October 1, 2017",Great environment and courteous stuffs.,Pradipta B.,5,5,4,1
" August 29, 2017",Amazing place!,Amira N.,5,23,9,1
" August 27, 2017",Very good deal definitely recommended,Maria D.,5,27,14,1
" August 26, 2017",Great place good people awesome vibes!,Eshan D.,5,19,2,1
" August 25, 2017",Great place to relax.,Zexin L.,5,7,3,1
" August 3, 2017",Great place for drinks and some fun,Anthony M.,5,18,14,1
" June 20, 2017",It was great took my boyfriend for fathers day the place is nice we had great time i cant remember my waitress name but she was the best im definitely doing it again,Sophalicous B.,5,1,1,1
" June 8, 2017",Had a great time..,VALERIE V.,4,21,10,1
" June 8, 2017",So happy with my Groupon purchase! Staff is lovely and attentive and there's much to do. With this Groupon you can get ANY type of beer in a pitcher so we went with Blue Moon :) Using the Groupon was super easy. You just have to show the voucher to your waitress and she redeems it for you. Simple. Just bought our second one!,Mayroby R.,5,6,2,1
" June 8, 2017",Great deal for a weeknight. Wide selection of drafts and the apps are delicious. I'm terrible at pool but I could see myself getting better through this deal.,Jorge C.,5,5,1,1
" May 26, 2017","Great place for snacks, beer and fun.",Syed M.,5,3,1,1
" May 12, 2017","It's a good place for big groups or even couples, many billards, the food was ok too.",Dijana A.,5,15,7,1
" May 1, 2017",Bartender was nice and very helpful with letting me use the coupon! the space is huge and I'm having a good time!,Tiye R.,5,2,1,1
" April 26, 2017",Workers should definitely be more attentive to the customers.,N R.,3,1,1,1
" April 25, 2017",Good dealüòÄ and nice place to hang out,Mayleni G.,5,14,3,1
" April 22, 2017",Great place !!,Jisset R.,5,2,1,1
" April 11, 2017",Great deal!!! Loved the quesadillas,Melissa L.,4,53,27,1
" March 30, 2017","Wings, Pulled Pork Nachos and a pitcher of Dogfish 60... gotta get in on this action.",Rudy L.,5,3,1,1
" March 29, 2017",Pretty chill atmosphere..good selection of beers and plenty of tvs for sports.,Levi C.,5,10,3,1
" March 28, 2017",I visit very often. Fun memories made here,Jessica R.,5,4,1,1
" March 24, 2017",So many games to choose from and an inviting chill atmosphere. Many beers on tap and affordable prices. Check in on yelp for additional deals.,Brittany A.,5,3,3,1
" March 6, 2017","Groupon is a great deal. Pitcher of IPA, delish pulled pork nachos and pool!",Alexandra R.,5,22,14,1
" March 6, 2017",Great place but even better staff on a Sunday night,Eric G.,5,21,13,1
" March 3, 2017",Love this place!! More than just a bar like the school yard for adults. Between the pool and ping pong and shuffleboard and the table games you can never be bored here.,Claire S.,5,5,5,1
" February 8, 2017",Server was very friendly and place was very clean. Would def. purchase this deal again in the future!,Cynthia B.,5,6,5,1
" February 4, 2017",A good place to hangout but expensive,M W.,4,16,4,1
" January 27, 2017",Great place and great music,Arthur M.,5,9,3,1
" January 16, 2017",My fiancee and I had a wonderful time. The staff treated is well and the buffalo wings were absolutely delicious!,Anthony C.,5,1,1,1
" December 24, 2016",Good time and food options. Great deal.,Diana A.,5,13,8,1
" October 25, 2016",Very fun time and cool place. Will be back there again,Christopher C.,5,4,2,1
" October 20, 2016",nice place to hang out,John A.,5,3,3,1
" October 10, 2016",Awesome from the food to the service! Definitely recommend,Andrea C.,5,2,2,1
" October 5, 2016",THIS PLACE IS AWESOME!!!!,Yahaira Q.,5,3,2,1
" September 12, 2016",So much fun !,Sharon R.,5,6,4,1
" September 3, 2016",Great place to hangout with friends.,Roshan K.,5,6,4,1
" August 16, 2016",Cool vibe .,Genesis C.,5,5,2,1
" July 26, 2016",Great hangout place,Edwin T.,5,20,10,1
" July 13, 2016",Great place! Fun pub trivia!,Brian G.,5,12,4,1
" July 6, 2016",Great place and great deal!!,Nichole L.,5,9,3,1
" July 4, 2016",The food is amazing and the service is even better. Can't wait to come back!,Zandy R.,5,7,2,1
" July 1, 2016",Great place!,Aldair F.,5,1,1,1
" June 28, 2016",I really love this place! Very comfty! Deli appetizers and a great selection of beers!!,Amira N.,5,23,9,1
" May 23, 2016","Great place! Fights, games and more can be watched",Eric G.,5,21,13,1
" May 13, 2016",Great atmosphere great bar people are awesome,John P.,5,1,1,1
" March 9, 2016",Great place !!!,Leonid G.,5,1,1,1
" March 4, 2016",Cool place........liked it,John A.,5,3,3,1
" February 16, 2016",Great deal. The pitcher of beer is about 6 total beers. Appetizers were great. All that for 20 dolars is amazing.,Greg L.,5,7,2,1
" January 19, 2016",Great place! Great service!,Deborah L.,5,31,3,1
" January 8, 2016",Pool is free before 8PM so make sure to use the groupon after 8 if you want to utilize the most out of it!,Alyssa S.,5,8,5,1
" December 11, 2015",Parking isn't the best in the area however there's a lot to do in the area as well Both times I went was on a Thursday however one time was busy the other time was pretty much less crowded Nevertheless I enjoyed myself both times Service was good as well,Rebecca H.,5,14,11,1
" November 24, 2015","Love this place, the atmosphere is great",Jeannie T.,5,9,7,1
" November 3, 2015",Very cool place to relax!,Kambiz M.,5,6,3,1
" October 7, 2015",Great place,Steven P.,5,1,1,1
" September 8, 2015",Good costumer service,Helin M.,5,2,1,1
" August 28, 2015",Go early,Victor G.,5,8,5,1
" July 21, 2015",Great P,Justin-ryan S.,5,18,10,1
" June 25, 2015",It was alot of games and fun time it was a nice place,Kevin V.,5,27,22,1
" June 5, 2015",Have the nachos!,Jennyffer R.,5,2,1,1
" May 25, 2015",Very nice place,Isse M.,5,7,6,1
" February 12, 2015",Good spot to relax and play pool. Great beer selection too,John H.,5,1,1,1
" January 22, 2015",Go during happy hour (weekdays 4-8) and enjoy the free pool and cheap drinks! Save your groupon for after 8pm or for another day !,Joannie A.,5,3,2,1
" November 8, 2014","Great, patient and accommodating waitresses! Must go back.",Ryan M.,5,1,1,1
" October 13, 2014",Very good choice,Michelle R.,5,2,1,1
" October 1, 2014",Great place,Charina D.,5,11,10,1
" August 26, 2014","Appetizers are huge, here!",Mary R.,5,1,1,1
" August 19, 2014","Go during happy hour to get free pool, then use the Groupon to get another hour of pool!",Steven B.,5,2,1,1
" August 14, 2014",Very nice spot,Lourdes M.,5,6,3,1
" August 7, 2014",Nice place to hang out,Hector D.,5,1,1,1
" June 27, 2014","Good place, good vibes,  music is loud so don't expect intimate conversations....",Amelia S.,5,11,8,1
" April 4, 2014",Fun night,Veronica N.,5,5,4,1
" January 18, 2014",Nice place to spend evening drinking and playing pool. Recommend.,Andrey P.,5,2,1,1
" January 4, 2014",Awesome space. Good prices. Love catching UFC fights there.,Chris D.,5,4,2,1
" December 27, 2013","Great food, great service, what else can I say",Sagar P.,5,1,1,1
" October 18, 2013",Great spot!,Faith P.,5,4,2,1
" January 6, 2014",The threesome appetizer was cooked more as frozen food and tasted funny and the beer that was available with the Groupon voucher wasn't good either.,Marta,1,26,1,0
" March 8, 2018",I wasn‚Äôt fond of the servers/service. The food was great.... but I felt mistreated at this place.,Jabari G.,2,1,1,0
" April 29, 2017",Our waitress suck.,Suvat K.,1,7,1,0
" April 14, 2017",I called to make reservations for a corp event for 5 tables. was told reservatiosn would be needed as thursdays are not that busy. come to know thursdays are pool league nights!! we were given 2 tables instead of 5 that we paid for. when asked to be compensated an app or a pitcher of beer- server looked annoyed. service was lacking. wouldnt go back.,Julie,1,1,1,0
" March 16, 2017",I wouldn't recommend this place.,Nashawnya P.,1,2,1,0
" January 31, 2017","i took my fiancee out . i saw the pool hall on groupon service was horrible. I told the manager I had a Groupon.  I waited 10 min no waitress. a saw a couple to my left just come in waitress went straight to them. waited another 15 min. still no waitress so I told the manager where was my waitress, decided to not even bother and we left. I wouldn't recommend this place although the ambiance was nice I will never go back.",Eric B.,1,6,1,0
" December 20, 2016",customer service could be much better. Decor is great. Games are great. employees spend too much time talking amongst each other. Not a good look,Bekky,2,111,48,0
" May 26, 2015","The only problem that we had that our server told us that with the groupon we can have only domestic beer, which is  according to her are yengling and Coors light ... I never thought that Blue moon, Sam Adams and Anbrgy orchard come from oversees",Mariya S.,1,1,1,0
" June 5, 2014",Groupon did not specify that it only had one beer option and only one option for appetizer entree.,Edward C.,1,9,6,0
" January 29, 2014","The groupon description was incorrect, according to the manager.  He said he had spoken with groupon many times regarding this issue but that it wasn't being resolved on groupon's end.  The description said we could choose one appetizer, and one domestic draft beer(this was the reason I purchased the groupon) along with one hour of pool.  When we arrived, we were told we had no choice and that the groupon was for a bucket of four bud bottles.  While discussing the matter with the manager, who tried to press ""redeemed"" on my voucher WITHOUT my permission by the way, he agreed to a pitcher of Yuengling (the cheapest of the domestic drafts). Groupon should not = 2nd class customer.",Valerie G.,1,8,7,0
" January 21, 2014",The groupon was a lie. The bartender gave us the hour of pool for two but when it came to selecting the appetizer and beer she said we could only get Coors light for the beer and we couldn't pick our own appetizer. Do not buy this groupon!,Erik O.,1,11,4,0